attr1,attr2,attr3,attr4,attr5,attr6,attr7,atr8,attr9,attr10,attr11,attr12,attr13,attr14,attr15,attr16,attr17,attr18
42.9,26,31.5,13.1,10.4,18.8,14.1,106.2,71.5,32.5,26,34.5,36.5,23.5,16.5,21,1,65.6
43.7,28.5,33.5,14,11.8,20.6,15.1,110.5,79,34.4,28,36.5,37.5,24.5,17,23,1,71.8
40.1,28.2,33.3,13.9,10.9,19.7,14.1,115.1,83.2,33.4,28.8,37,37.3,21.9,16.9,28,1,80.7
44.3,29.9,34,13.9,11.2,20.9,15,104.5,77.8,31,26.2,37,34.8,23,16.6,23,1,72.6
41,26.8,32.2,14.9,10.6,17.8,14,107.5,78,36,29,34.5,35,22,16.5,23,1,71
45,27,33.2,13.7,11.1,20.7,14,112,82,34.5,29.5,39,35.7,24,17.5,22,1,79.6
39.9,30,34.5,15.6,11.9,21.2,16,112.2,88.3,37,28.8,40.9,41.7,24.2,17.8,30,1,93.8
43,26.5,30.3,14.8,11.2,19.7,14.7,120,73.6,31.2,26.9,36.4,35.6,22,17.1,22,1,70
43.1,28.6,33.4,14.9,12.2,20.8,14.8,109,78.5,34.5,28.5,38,36.5,23,18.5,29,1,72.4
43.6,29.3,34.4,15.4,10.9,20.7,15.5,118.5,87.3,37,30.5,39.8,42,26.5,18.8,22,1,85.9
42,27.5,30.7,13.1,11.1,19.2,13.9,116,92,32,27.6,37.5,35.2,21,17.3,22,1,78.8
43.8,28,33.3,15,11.5,20.4,14.4,111,80,37,30,37.5,35.5,23,18,20,1,77.8
42.3,26.4,31.2,14.6,10.8,18.6,13.8,117.7,74.5,31.2,26.9,36.2,33.3,23.5,16,22,1,66.2
42.7,29.9,35,14.3,11.2,19.8,14.1,123.9,90.6,37,28.3,35.4,40.6,22.9,17,24,1,86.4
44.8,27.8,32.2,15.2,11.6,19.4,14.7,120.6,81.4,39.4,31.9,38.5,41.2,22.8,18.2,26,1,81.8
46,30.1,34.5,16.4,13.3,22.2,14.9,129.5,89.5,37.5,30.1,39.9,41.5,23.5,19,24,1,89.6
45.4,31.8,35.2,14.6,10.5,20.2,15.3,115,85,35.5,28.5,38,40,23.5,16.7,21,1,82.8
40.5,28.3,33.4,14.6,11.1,20.8,14.5,116,73.5,32.5,27.8,39,38.2,23.5,17.8,24,1,76.4
39.4,25.5,30.2,13,10.2,18.9,13.2,107.8,75.8,31.2,26.5,37,37.4,21.5,16.5,23,1,63.2
40.2,27.2,31.7,13.3,10.1,18.6,13.2,100.2,74,27.5,24.8,34,32.8,21,15.6,19,1,60.9
44.2,30.3,34.7,14.9,11,19.1,15.8,113,77.5,32.8,26.2,37.6,36.3,21,16.6,23,1,74.8
41,23.6,30.2,14.3,11.2,18.2,14,117.9,74,34.1,28.6,36.2,36.6,22.4,17.2,25,1,70
44,31,35.3,15.2,11.4,21.2,15.1,112.5,74,29.8,27,36.4,34.6,22.9,17,23,1,72.4
41.6,32,35.3,15.5,11.3,20.9,15,110.5,82,32.8,28,40.7,40.1,24.3,17.2,23,1,84.1
41,25.1,31.9,13.6,10.8,18.8,12.9,112,73,36.4,27.5,37.2,34.5,21.8,16.9,23,1,69.1
41.5,24.5,30.5,13.3,10.8,18.6,14,104,70.5,29,26,36,34.5,21.5,17,20,1,59.5
41.1,27.8,31.4,14.5,11.9,18.5,13,114.8,75,31,26.1,36.3,35.1,21,17,22,1,67.2
38.8,27.2,31.6,13.4,10.8,19,14,108,72.1,29.5,24.5,36.1,37.2,22.9,16,24,1,61.3
36.2,27.5,30.4,13.6,10.8,19,15.4,111.2,78.8,31.9,27.4,36.4,35.1,23,16.8,22,1,68.6
42.1,27.5,32.4,16.2,12,21,16.4,118.3,77.5,37.7,29.9,38.3,39.6,23.3,18.7,24,1,80.1
39.4,28.3,30.6,15,11.5,18.4,14.4,118.7,79.8,39.8,29.6,34.2,38.1,21.1,16.9,23,1,75.6
38.5,26.1,30.8,15.1,11.4,19.8,14.2,126.3,81.6,39.5,31.7,38.8,36.5,22.7,17.9,23,1,86.2
40.1,27.8,33.1,15.4,11.5,20.6,15.4,124.2,76.8,37.9,30.9,35.9,38.3,23.4,17.3,36,1,75.3
40.3,28,32,14.8,10.6,19.4,15,126.7,85.9,40.1,30,36.8,38.6,21.9,16.4,25,1,87.1
37.6,26.6,29.9,12.8,10,17,13,103.3,73.3,30.5,24.8,31.1,30.5,19,15,24,1,55.2
38.3,25.2,30.2,13.2,10.4,18.8,13,101.2,69.9,31.5,26.6,32.8,36.3,20,15.8,20,1,57
39.7,28.6,32.1,13.4,10,18.2,14.8,104.3,72.7,27.8,26,34.8,34.7,21.1,15.3,52,1,61.4
42.2,29,33.7,15.6,12,19.8,16.2,113.2,82.7,33.1,28,37.9,39.1,23.2,17.7,50,1,76.8
41.1,30.4,35.1,15.5,11.6,21.5,15.4,121.9,90.1,36.3,29.6,38.4,42.4,25.3,17.5,46,1,86.8
40.5,29.3,33.7,13.8,11.7,19.7,14.4,113.1,82.9,34.5,27,35.2,35.2,21.4,16.5,51,1,72.2
41.5,28.6,30.4,14.8,11.2,20.7,16.5,108.5,77.9,31.2,27.5,36.6,37.5,21.6,16.1,28,1,71.6
43.4,32.4,36.4,15.6,12,20.8,16.3,113.9,92.5,34.5,28.4,38.4,38,22.4,17.2,48,1,84.8
43.5,26,31.6,14.3,11.4,19.5,14.6,112.6,77.8,33.2,26.4,34.2,36,21.8,17.5,35,1,68.2
41.3,27.1,32.4,14.1,10.8,20.2,15.5,110.2,72.7,32.1,27.4,33.5,33.8,21.1,16.9,23,1,66.1
40.3,29.5,33.3,14,11,19.4,14.8,108.7,75,34.2,27.9,36.1,36.2,22,17.5,23,1,72
36.3,29.2,33,14.1,11.7,20.4,14.3,104,76,29.5,26,37,34.5,22.8,17.4,62,1,64.6
39.9,28.3,32,13.5,11.4,18.9,14.4,115.2,82.7,32.4,27.6,35.8,36.3,21.8,16.7,21,1,74.8
39.8,28.8,33,12.4,10.7,18.5,13.2,111.9,80,33.8,28.6,36.2,37.4,22,17.2,26,1,70
43.5,33.2,34,15.8,12,18.6,13.2,127,107.1,39.6,30.6,40,39.6,24.6,17.7,33,1,101.6
41.2,26.6,30.6,13.1,10.4,19,13.8,111.2,76.2,30.7,25.8,34.8,32.6,21,16.1,36,1,63.2
44,28.4,32,14.9,10.9,21,14.8,122,90.2,35.7,29.4,39.2,39.1,24.5,17.9,41,1,79.1
41.8,28.5,31.6,13.3,10.3,18.9,14.3,114.5,89.4,31,26,36.4,35.6,21.6,16.6,40,1,78.9
42.9,27.5,30.3,12.6,10.4,19.2,13.8,109.5,80.9,31.5,26.3,36.1,39,21.2,15.6,27,1,67.7
38.7,24.6,28.5,14,11.2,18.9,13.6,110.8,73.5,30.6,27.1,36,36,23.8,17.5,27,1,66
41.4,26.4,32.3,14.9,11.5,18.9,14.6,118.8,70.9,36,28.6,36,34,22,17,23,1,68.2
39.6,27.5,30.2,13.5,10.4,19.3,14.2,108,76.1,28.6,23.9,34.5,37.9,22.7,15.8,31,1,63.9
40.5,27.5,32.3,12.6,10.6,18.4,14,114.3,81,32.3,26.8,35.8,37.6,21.1,15.8,26,1,72
34.1,28.1,30.1,12.9,9.9,18.6,12.3,105.4,72,28.6,24.8,34.9,35.1,20.1,15.4,23,1,56.8
43.5,28.8,34,14.3,10.5,19.8,14.2,115,76.8,33.2,28,37.5,35.6,22.1,16.3,24,1,74.5
44.1,29.2,35.3,15.8,12.5,20.2,15.2,119.5,86,34,29.8,38.8,39.5,23.6,18,24,1,90.9
42.2,32.6,36.6,14.1,11.1,18.2,13.9,130,98.5,35.8,27.2,38,41.2,23.3,16,34,1,93
42.2,30.1,31.4,14,11.6,21.6,14.1,113.3,79,34,28.8,39.6,40.8,25.9,18,21,1,80.9
43,26.5,31.6,13.4,10.4,18.8,13.6,113.2,77.5,30.9,26.6,36.5,35.8,21.3,16.5,25,1,72.7
39.8,28.7,33.3,13.5,11.6,19.5,14.6,106.9,75.2,29.2,26.1,36.2,35.7,22.1,16.7,34,1,68
37.7,29.7,32.7,13.3,11.1,18.3,13.2,113.8,82,32,27.1,35.6,36.4,20.7,16.2,31,1,70.9
39.6,27.9,33.3,12.6,10.7,18.5,12.9,117.3,79.6,32.6,27.4,36.5,38,21.6,16.6,40,1,72.5
43.2,26.3,30.5,14.4,12.3,20.2,13.6,124.2,75.2,36.7,29.9,38.1,36,22.6,17.3,21,1,72.5
44.3,28.2,32.2,14.2,11.6,20,14.4,123,88.6,36.9,29.4,38.4,38.6,23.1,17.3,33,1,83.4
43.3,28.2,33,13.8,11.1,17.8,13.2,117.8,81.5,33,27.8,35.4,36.5,21.9,16.4,25,1,75.5
42.8,27.5,31.5,14.1,11.1,19.1,14.7,118.8,79.9,33.5,27.3,36.8,37.9,22.3,16.6,29,1,73
41.5,30,33.4,14.8,11,19.8,13.8,112,73.5,34.3,28.5,36.5,35.2,22,17,27,1,70.2
42,27.6,32.2,13.9,10,18.7,13.8,113,80.3,33.3,28,36,37.8,20.3,16.5,44,1,73.4
41.2,27.1,29.8,12.9,11.6,18.8,13.5,116,81.5,33,28,35.1,35.2,21.1,16.3,26,1,70.5
43.8,29.5,31.2,13.1,10.3,19.1,13.2,112.8,74,30.5,26.1,36.6,38.6,21.2,16,22,1,68.9
46.2,31,36,14.6,12,20.9,15.1,125,104,37.5,29,41.2,39.3,24.6,18.6,37,1,102.3
40.4,28.6,31.4,13.9,10.1,20,13.4,108.3,76.2,31.2,26.2,36.8,37.7,22.7,16.2,38,1,68.4
40.8,27.1,29.4,13.3,10.4,18.5,12.8,108.2,76.5,33.1,27.2,35.5,35.3,21.5,16.2,20,1,65.9
43.9,27,33.5,13.2,10.4,19.1,13.1,113,81,32,27.4,37,35.5,24,16.5,21,1,75.7
44.2,27.9,32,14.3,11,21.1,14.9,115,88.8,34.6,27.9,38,39.4,23.2,17,24,1,84.5
41.6,28,35,13.4,11.2,20.6,14.4,123,94,35.6,27.3,39.5,43,25.3,17.7,45,1,87.7
38.1,30.1,33.2,14.2,12.3,19.2,15.2,120.2,83.4,34.7,29.4,39.4,41.8,24,17.8,25,1,86.4
42,28,33,14.3,11.1,20.2,15.2,114,77,33.5,27.9,38.4,38.5,22.5,17.5,22,1,73.2
37,27.3,31.1,13.2,10.5,18.7,13.4,102.9,75.4,25.6,22.7,33.8,32.5,21.2,14.6,29,1,53.9
41.6,27.5,32,13.8,10.7,19,13.9,112.5,80.3,32.5,28,36.5,35,21,16.4,37,1,72
40.1,19.4,28,13,10.6,16.9,12.6,104.5,68,27,23.6,34,34.5,20.9,16,20,1,55.5
38.7,25.2,28.8,13,10.2,17.9,13.5,111.3,80.6,30.7,25.3,35.5,34,20.8,16.4,20,1,58.4
37.4,29.9,33.5,14.4,11.5,20.5,16.8,117.2,88.6,36.9,28.8,40.3,39.7,26.3,18.1,32,1,83.2
41.7,28,32.9,14.6,11,19.5,15.3,112.8,81.1,33.7,28.6,35,37.3,23.1,16.7,23,1,72.7
38,27.1,28.3,13.8,11,18.9,14.8,104.8,70.8,28.7,25.5,38.5,34.2,21.3,15.6,25,1,64.1
40.5,24.9,29.7,14.4,11.8,19.5,14.9,117.7,73.3,36.3,32.5,34.3,34.3,22.3,18.4,27,1,72.3
35.6,28.5,29.4,14,10.8,19.1,15,107.7,75.9,33.2,27.9,34.8,35.5,23,16.3,21,1,65
43.6,30.2,32.4,15.2,11.3,19.8,15.2,125.2,86.2,36.3,28,38.3,34.7,23,16.1,27,1,86.4
37.6,24.4,28.3,12.9,10.8,18,14.3,109.1,75,36.3,28.9,34.5,33.5,23,17.1,25,1,65
41.1,31.7,34.2,13.8,11.8,19.4,15.4,122.6,101,38.6,30.3,39.5,39.4,25.6,18.3,38,1,88.6
42.1,30.6,34,15,11.4,20.2,15.4,117.3,90,34.6,29.7,38.2,38.3,23.7,18,44,1,84.1
40.5,28.3,32.4,13.4,11,19,14.5,109.1,75,30,26.5,31.7,30.2,16.4,16.1,27,1,66.8
40.9,28.5,31.3,14.3,11.7,19,15.6,116.7,75.9,35.2,28.7,37,37.7,24.5,17.3,37,1,75.5
43,30.6,33.8,15.6,12,21.6,16.4,124.9,96,38.2,30.1,41.2,39.4,25.1,17.7,28,1,93.2
40.5,27.8,31.1,15,11.6,20.4,15.2,118.6,84,38.7,30.2,38.6,38.2,22.8,18.2,33,1,82.7
41.9,25.4,30.2,12.6,9.8,18.8,13.6,108.8,67.1,30.3,25.4,32.7,32.1,20,15.3,25,1,58
42.1,28.5,33.1,15.6,12.2,19.7,15.6,121.9,82.5,37.9,31.6,37.8,38.3,24.6,18.1,21,1,79.5
43.8,29.2,32.6,14.6,11.7,20,15.2,117.3,83.7,33.7,28,38,39.6,25.8,17.6,30,1,78.6
42.1,28.5,31.7,14,11.3,19,14.4,115,76.7,35.7,27.6,34.7,34.6,20.6,16,26,1,71.8
43.4,32,36.2,16.1,12.6,23,16.3,134.8,105.2,39.4,32.1,42.2,47.7,27,19.2,27,1,116.4
38.7,26.8,31.5,13.8,10.8,18.2,13.3,113.8,90.6,34.8,28,34.1,35.8,22.2,16.3,33,1,72.2
39.6,28.7,32.4,15.2,11.8,19.6,14.8,119.4,85.7,35.3,28.7,39.3,35.9,23,17.4,29,1,83.6
43.4,30.6,32.9,15,12,20.5,17.2,117.9,82.5,32.8,28.7,39.2,37,27.5,17.9,27,1,85.5
40.5,29.7,31.7,15.2,11.3,21.2,15.2,127.3,94.7,37.2,30.9,40.5,40,24.2,17.6,34,1,90.9
40.3,30.4,34.2,13.6,12,19.2,13.8,118.8,105.2,38,30.2,36.9,37.7,21.6,18.3,42,1,85.9
44.2,30.6,33.8,15.3,11.5,20.9,16.5,122.4,86,40,31.2,38.3,39,25.8,19.5,29,1,89.1
41.3,26.8,32.2,13.6,11,19.1,15,111.5,90.9,30.1,26.8,38.1,36.4,23.2,16.3,41,1,75
39.8,25.6,31.3,14,11.2,21.2,16.4,113.2,92.4,32.9,29,37.7,37.7,23.4,17,43,1,77.7
41.3,29,32.2,14.4,11,19.7,15.8,115.3,96.5,31.9,28.5,37.7,39.3,24.5,17.1,43,1,86.4
38.9,27.5,32.9,14.6,11,20.5,15.3,122.5,98.4,39.2,30.5,42.6,40.7,25.3,17.5,29,1,90.9
41.1,25.6,29.9,14.1,10.7,19,15.1,114.4,76.7,32.1,27.7,36.1,32.9,23.2,17,27,1,73.6
41.5,30.6,35.8,15,11.8,21,15.6,112.8,94.8,31.1,27,37.7,36.8,24.6,18.4,62,1,76.4
38.5,27.8,31.7,13.1,11,18.4,14.8,112.2,80.1,32.9,27.2,36.2,33,23,16.8,33,1,69.1
39.4,29.7,33.1,14.2,11.6,20.4,15,119.4,97.4,36.6,28.4,38.2,36.6,22.9,18.1,45,1,84.5
40.9,26.1,27.5,13.2,10.4,18.6,14.8,108.4,73.7,29.6,26.2,35.2,36.2,21.2,16.2,30,1,64.5
41.1,23,29.4,15,10.8,19.3,14.5,122.4,76.1,37,30.6,36.8,37.7,23.6,18.5,20,1,69.1
43.6,28,32.4,14.6,11.7,21.4,15.1,128.8,95.6,37.1,30,41.8,39.6,24.7,18.2,22,1,108.6
39.8,29,34.9,14.3,11.7,19.8,15.4,118,101,38.1,29.8,39.7,41.8,25,19.6,51,1,86.4
42.1,27.8,31.7,14.3,11.5,19.6,15.6,116.5,84.5,33.9,28.6,38.5,37.6,25,17.7,34,1,80.9
41.1,27.1,33.8,14.4,12.4,18,15.1,120.4,98,38.2,29.9,37.7,39.2,24.9,17.6,44,1,87.7
44.2,30.4,36.5,15.4,11.6,20.4,15.4,123.1,101.6,34.9,28.9,40.3,40,23.7,18.1,46,1,94.5
38.9,26.8,31.5,13.6,10.8,18.9,15.2,117.2,87.8,33.1,28.4,38.2,37.7,24.5,17.1,34,1,80.2
40.1,28.7,32.2,15.2,11.8,20.7,15.4,113,80,31.5,26.5,36.9,36.4,22.9,17,32,1,72
38.7,26.8,31.5,12.9,10.4,18,14.3,109.4,81.8,31,25.7,35,33,22,15.5,28,1,71.4
35.6,26.4,30.8,14.6,11.5,19.6,15.3,105.7,84.4,30.5,26.4,36.1,38.4,21.3,16.4,31,1,72.7
40.5,26.8,30.6,15,11.8,20.4,15.8,119.7,85,39.2,29.9,37.9,37.7,23.8,17.1,29,1,84.1
41.1,25.4,32,14.3,12.4,19.6,14.3,118,90,33.5,29.1,36,36.9,23,18,42,1,76.8
38.7,26.1,29.2,13.6,10.4,17.6,14.2,104.3,72.9,29.8,24.8,32.6,33.1,22.1,16.3,29,1,63.6
38.9,27.1,30.4,14.8,11.7,19.4,14.6,114.1,81,35.5,30.6,36.9,37.3,22.7,16.8,31,1,80.9
39.4,29.7,33.1,15.6,12,19.5,14.8,119,86.5,34,28.4,38,37,22.5,17.4,30,1,80.9
37.6,27.8,32.2,14.6,11,21.5,15.8,113.8,93.9,34.4,28.5,40.9,40.8,24.6,17.1,27,1,85.5
39.8,25.9,31.3,14.3,11.2,18.7,14.3,118,77,32.6,28.4,34.4,34.4,20,16.5,25,1,68.6
40.3,27.3,30.4,15,11.3,19.1,14.6,116,75,32,27.3,33.8,34,22,17,24,1,67.7
40.3,25.2,29.2,13.2,10.2,18.9,14.3,108.3,80.6,28.9,25,34.6,37.4,23,16.4,33,1,66.4
43.8,30.4,34.9,15.4,11.6,17.8,14.6,129.2,100.5,37.4,31.6,41,39.7,25.4,18.4,45,1,102.3
41.1,27.8,32.9,14.6,11.2,19.5,15.8,109.2,81.2,33,27,35.2,35.5,23.1,16.3,37,1,70.5
41.7,30.6,34.7,14.9,10.8,18.9,14.1,124.3,103.4,35.4,29.7,42.3,40.8,24.8,17.1,44,1,95.9
45.4,30.8,35.6,15.2,10.8,18.6,15,122.6,90.3,35.4,28.6,40.4,37.8,24.9,17.9,34,1,84.1
43,30.8,34.7,16,13.2,19.5,16.1,122.4,98,36.4,29.2,40.9,42.1,26.1,19.5,55,1,87.3
41.1,25.4,30.4,14.8,10.6,18.7,15.2,114.9,86.5,35,28.9,38.3,37.8,24,17.3,43,1,71.8
41.1,29.2,31.5,14.8,11,18,15,111.1,77.9,35,28.4,35.5,35,21,16.6,24,1,65.9
45.2,32.2,36,15.8,11.3,20.5,14.8,126,89.1,37.9,31.2,41.1,41.2,27.7,18.1,22,1,95.9
39.8,34.7,34.7,14.8,10.6,20.6,14.3,115.5,93.9,36.2,29.7,42.8,39.3,23.5,16.8,38,1,91.4
39.6,28.7,32,14.3,11.5,19.6,15.1,124.7,85.3,39,29.8,36.8,36,21.6,17.3,24,1,81.8
42.3,30.2,34.4,15.2,10.7,18.8,14.8,125.3,98.5,37.2,31.4,41.9,42.1,26.4,17.9,29,1,96.8
40.9,29,32.2,13.8,10.4,18.4,14.4,118.2,79.5,34.2,28.5,36.6,36.2,22.8,17.3,25,1,69.1
39.8,28,34.2,14,11,19.7,13.8,124.3,94.9,35.9,27.8,37.7,36.8,23.2,16.5,37,1,82.7
42.3,27.1,31.7,14.4,11.6,21.2,15.8,118.3,76.5,33.8,27.7,36.4,38.2,23.8,18.2,30,1,75.5
42.3,26.8,32,15,11.2,18.4,14.4,122.3,88.4,35.5,29.7,37.7,37,23.7,18.3,26,1,79.5
40.5,28.7,30.4,14.3,11.2,18.5,14.5,116.5,84.2,33,25.4,35.6,36.4,22.8,15.9,35,1,73.6
42.7,28.5,36.7,15.8,12.9,19.3,16,123,87.6,38.3,31.2,39,42.6,25.8,18.8,29,1,91.8
43.6,30.8,33.3,14.3,10.9,19.6,15.4,117.6,83.7,33.5,27.7,38.7,41.8,29.3,18,30,1,84.1
42.5,31.3,33.1,14.8,11.3,20.1,15.5,117.5,92.1,33.3,27.7,37.1,37.4,22.6,17.1,37,1,85.9
41.3,30.8,33.3,13,10.5,19.7,13.4,117.3,89.9,35.3,26.9,36.6,32.3,22,17.1,34,1,81.8
41.3,24.7,35.4,14.8,11.3,20.4,16,114.5,88.7,34,28.3,40.9,38.8,26.4,18.1,28,1,82.5
42.3,26.6,33.3,14.2,11.1,19.5,14.3,122.9,83.9,36.1,29.4,37,36.5,24.3,18.7,27,1,80.5
36.9,25.9,31.7,14.8,10.6,19.4,14.3,115.5,79.5,34.6,25.8,35.6,35.1,21.8,16.3,32,1,70
40.3,28.5,35.1,14.8,12,21.2,16.2,116.1,84.5,34.3,29,36.5,38.5,24.5,17.3,28,1,81.8
40.1,26.4,32,14.8,12,20,15.2,121.6,89.2,35.6,28.5,37,37.6,23,17.5,22,1,84.1
43.2,31.3,34,15.7,11.5,20.5,15.2,131.6,90.7,36.8,29,36.9,38.9,24.2,17.9,44,1,90.5
45,29,33.3,15.4,11,18.8,15,124.5,88.8,36.7,28.6,38.4,39.5,24.4,16.8,25,1,91.4
42.1,29.7,35.6,14.3,11,18.2,14.8,115.6,103.6,33.6,26.9,37.8,37.9,23.9,17.1,49,1,89.1
40.9,28.7,33.5,15.8,11.6,19.3,16.8,117,98.5,33.7,29,38.7,36.7,24.3,17.7,54,1,85
41.3,27.3,32.2,13.8,11.4,18,13,108.6,82.9,30.7,25.7,33.9,33.4,21.2,16.7,49,1,69.1
42.1,29.7,32.9,15.3,11.5,19.2,14.6,120.2,90.5,35.8,28.7,32.5,36.5,23.7,17.5,60,1,73.6
45.2,29.7,33.8,15.5,11.8,19.6,16.1,116.2,84.5,32.5,27.8,36,36.3,22,17.7,42,1,80.5
42.1,31.1,34.9,15.2,11,19,14.4,115.4,86,33.9,27.3,35.7,36.6,22.6,17.5,52,1,82.7
41.2,29.8,32.2,15.6,11.2,19.6,14.8,120,84.2,36.6,29.9,34.2,34.8,22,18.1,23,1,86.4
41.7,29.2,33.8,13.8,10.7,18.6,14.2,110.3,85.7,32.2,26.4,34.4,32.6,22,16.4,33,1,67.7
43,29.4,33.8,14.2,11.2,19.4,14.2,119.7,112.1,35.7,27.8,37.3,36.6,22.7,16.4,46,1,92.7
41.7,28.5,33.8,15.6,12,18.4,16.3,123.5,99.7,36.5,30.5,39,41.2,25.7,18.8,43,1,93.6
38,29.7,34,13.1,10.8,17.3,15.5,107.8,84.7,32.8,25.3,36.6,35,23.5,17.1,56,1,70.9
41.9,27.8,33.3,15.1,11.3,19.2,14.9,118.7,80.3,35.7,29.2,38.4,37,25.6,17.9,21,1,75
40.7,28,35.3,14.4,10.7,18.6,14.4,120.7,98.6,37.1,27.8,37.5,39.2,25.7,15.9,18,1,93.2
41.3,29.7,34.7,15.5,11.2,18.4,15.6,118.7,90,39.4,29.9,37.4,37.3,24.3,17.2,21,1,93.2
40.9,28.7,32.9,15,11,18.7,13.8,118,86.6,34.4,28.6,35,34.1,21.7,17.1,45,1,77.7
41.7,26.8,32,14,10.5,18.4,14.6,105,80.2,28.7,25,35.4,32.3,23,16.2,22,1,61.4
41.3,31.1,34.9,15,11.6,18.8,15.8,110.6,109.2,34,29.2,39.3,38.5,24.3,17.4,55,1,94.1
41.1,27.8,32,14.8,11.4,17.6,14.2,123.1,88.4,39.4,29.8,34.5,34,22,17,42,1,75
43.4,27.3,34.7,14,11.2,20.2,14.3,121,81,31.5,26.5,38.5,36.9,21.3,16.6,29,1,83.6
40.7,27.8,34,15.6,12,21.2,16.4,111.7,88.8,35.2,28.9,40.6,39.2,23,17.5,40,1,85.5
42.5,25.2,30.6,15.3,11.4,18.9,13.8,111,78.1,35.7,29.2,36.4,37,22,17.2,24,1,73.9
40.3,28.3,30.6,12.9,10.6,20.2,14.2,112,81.5,30.3,25,36,35,22.4,16.7,62,1,66.8
39.8,27.8,32.9,16.6,11.8,20.8,15.3,115.9,87.6,36.5,31.1,40.7,38.4,22.9,17.9,26,1,87.3
39.8,28.3,30.4,12.9,11,18.6,12.7,121,92.5,36,28,36.5,37,21.8,17.5,35,1,72.3
40.5,29.9,34.9,14.5,11.7,20.4,15,123.6,97,34.4,28.9,40,38.5,24,17,37,1,88.6
41.1,26.8,32.4,14.4,11.8,20.4,15.2,120,82,35.4,29,38,42,23.6,17.5,34,1,75.5
42.5,29.4,34.2,15.1,11.8,21.8,15.8,128.7,99.5,35.5,28.8,42.9,38.7,25.7,17.1,25,1,101.4
42.5,29.4,34.4,14.5,11,21.3,14.4,124.5,93.8,34.8,30.1,45.7,43.6,26.9,17,30,1,91.1
38.5,24.4,30.4,14.3,10.1,18.3,13.2,112.4,79.1,32.6,27.2,36.1,32.7,22.5,17.9,32,1,67.3
43.8,29.2,35.6,14.8,12.8,20.7,14.3,112.2,85.8,33.6,27.3,37.5,41.8,26.2,17.8,27,1,77.7
41.5,29,33.3,15.3,11,20.6,15,127,90.8,36.8,29.3,37.5,36.3,23.4,16.7,42,1,81.8
40.3,27.8,33.5,15.3,11.2,20.4,13.8,115.3,85.4,34,27.1,39.4,37.1,23.7,16.6,44,1,75.5
40.3,30.2,32.2,14.5,11.5,20,16.9,111.5,91.6,32.3,27.9,41.8,41.5,27.7,18.1,46,1,84.5
42.1,27.1,32.2,13.7,10.8,18.9,14.3,118.3,79.7,36.5,31,38,38.1,25.3,17.7,19,1,76.6
42.1,31.3,35.1,16.7,12,21,15.1,118,86.1,33.5,28.3,37.7,38.3,25.2,17.4,43,1,85
38.9,29.4,33.3,14.2,12.8,20.6,15.5,127,113.2,37.4,28.9,37.8,37.4,24.1,17.1,28,1,102.5
44.4,24,30.2,14.2,11.2,20.2,14.5,124.4,79.5,36.2,27,33.9,28.9,20.3,15.8,39,1,77.3
40.9,24.4,28.7,14.3,11.4,17.8,14.6,112.4,85.4,31.2,25.9,37.4,34.4,24.5,17.1,30,1,71.8
42.1,28.7,33.5,14.3,11.5,18,13.8,125.8,97.9,36.2,28.7,37.7,39.4,22.6,17.5,36,1,87.9
43,27.1,33.5,15.2,11.8,19.3,15.1,131.7,94.7,42.3,31.9,39.9,39.6,25.5,18.9,48,1,94.3
38,27.1,32.2,13.9,10.3,19.1,14,117.3,86.1,34.5,27.7,37.3,34.8,22.5,16.4,48,1,70.9
37.1,24.2,30.6,13.8,11,17.8,14.6,107.6,84.9,28,25.2,37.5,36,21.3,15.1,53,1,64.5
41.1,24,29.4,13.6,11.7,18.8,14.6,122.4,92.2,34.3,27.6,36,37.5,23.3,16.7,45,1,77.3
40.9,24.4,30.6,13.8,11.5,19,15.1,117,83.7,32.5,27.1,35.4,37,22.7,16.6,39,1,72.3
38.9,27.1,31.7,15,12.2,20.5,15.2,119,97.8,35.8,29.4,39,38.1,23,17,43,1,87.3
40.9,28.3,34,14.3,12,19,14.3,123.5,98.6,35,29.3,35.9,36,23.5,18.1,65,1,80
39.2,26.8,34,14.2,11.2,19.1,14.5,121.4,89.5,38.5,28.7,35.9,33.6,22.1,17.1,45,1,82.3
41.7,26.6,31.5,14.6,11.2,19.2,14.8,112.3,82.9,32.2,25.3,33.4,32.8,21.4,16.3,37,1,73.6
39.4,26.6,31.7,13.8,11.8,20,15.8,113.2,90.1,32.9,26.5,35.6,37.9,22.5,17.8,55,1,74.1
40.1,26.4,32,15.8,12.4,20.7,15.8,121.7,78.9,38.5,30.1,37.2,36.8,23.4,19.6,33,1,85.9
38.9,25.6,32.9,15.6,10.6,20.2,14.8,116.6,80.7,38.3,28.6,35,34.3,23.3,17.3,25,1,73.2
38.9,26.4,31.7,14.4,11.3,19.6,14.8,117.8,94.3,35,26.7,35.5,35.9,22.6,17.3,35,1,76.3
41.7,26.4,31.1,14.6,10.2,18.4,15.3,118,70.2,32.1,26.7,33.2,34.9,23.7,18.4,28,1,65.9
43.2,26.8,32.6,15.4,12,20.5,16.8,131.1,83.6,40.4,31.7,36.7,38.3,25.5,19.4,26,1,90.9
40.5,29.2,33.5,15.2,11.3,20,16.1,121.4,91.9,36.5,29.1,34.6,38.8,25.1,18.9,43,1,89.1
39.2,23.5,29.9,15.4,11.5,19,14.8,116.3,71.8,34.2,29.2,34.1,33.4,23.1,18.3,30,1,62.3
43,27.8,34.2,14.3,11.1,21,14.8,123.1,86.3,36.4,30.4,39.3,42,27.7,18.4,35,1,83.2
41.5,28.5,33.5,14.5,10.5,19.4,15.3,114.9,83.2,34,28.2,36.3,39.6,25.2,17,37,1,83.2
37.6,25,31.3,11.2,9.2,17,12.3,95,66.5,24.3,20.5,32,32.2,21,13.5,22,0,51.6
36.7,26.4,31,12.1,9.9,19.3,12.8,99.5,61.5,27.8,24,38.5,38.5,22.5,15,20,0,59
34.8,25.9,30.2,11.3,8.9,17,12.2,88,61.2,24,22,32.5,32.5,19,14,19,0,49.2
36.6,27.9,31.8,12.3,9.5,18.6,13,97,78,28,24,35.2,36.7,23,15,25,0,63
35.5,28.2,31,11.5,9.1,17.2,12.4,103.3,70.5,26.9,22.7,33,33.3,19.9,14.5,21,0,53.6
37,28,32,12.5,10,17.2,13.2,93.5,66.5,26.5,22.5,34,35,23,14.5,23,0,59
35.5,26.5,29.2,12.3,9.4,17.2,12,93.3,58,24.1,22,32.5,32,19,13.9,26,0,47.6
37.4,30.2,33.2,13.3,10.7,19.8,13.8,94.5,74.5,29.2,26.2,38.5,38,22,16.8,22,0,69.8
37.8,29,32.6,12.1,9.8,17.8,12.7,98.6,73.5,29,23.4,35.3,37.4,21.6,15.2,28,0,66.8
38.6,28.8,33.2,13.4,11.5,20.9,13.2,115.5,90.5,33.6,26.6,37.2,35.8,22.6,16.3,40,0,75.2
37.6,28.5,32.2,11.8,8.6,17.1,11.9,97.9,66.5,24.8,21,32.2,32.5,19.9,13.8,32,0,55.2
36,25.6,31.5,12.8,9.7,17.6,13.2,97.7,61,25.4,22.6,34,34.5,20.5,15.3,25,0,54.2
39.5,30,31.7,12.8,9.2,18.1,12.4,100.5,69.5,25.9,22.9,36.1,35.3,20.9,14.4,25,0,62.5
34,25,27,10.6,8.3,15.9,11.6,88.7,62,24,20.5,30.8,30.4,17.9,13.2,29,0,42
35,26.5,31.6,11.5,8.6,16.8,12.2,96.6,63.4,25.6,21.6,34.4,32.8,19.1,13.8,22,0,50
35.6,25.8,32,11.5,9,17.2,11.8,92,71,26,21.8,33.5,35,21,14,25,0,49.8
36.2,27.4,29.5,11.2,9.6,16.7,12.6,90,59,23.5,21,32.5,29.6,18.5,14.5,23,0,49.2
39,28.4,34.9,13.4,11,18.9,13.6,104,74,31,26.5,38.6,38.6,23.8,17,37,0,73.2
32.6,25.6,30,10.3,8.1,16.2,11.6,90.1,60.5,24.6,20.6,29,33,19,13.2,19,0,47.8
37.6,30,33.9,13.4,10.5,19.2,13.2,104,75,28.7,24.9,37,36.5,20.6,15.9,23,0,68.8
36.3,27.5,31,11.1,9.4,16.4,12.3,91,65,27,23,32,31.5,22,13.8,25,0,50.6
38,29.6,32.7,13.7,10.6,21.5,14.4,111.4,82.2,32.5,26.8,40.5,38.6,23,16.6,26,0,82.5
37,27.9,30.8,13.2,8.9,18.1,12.3,96.2,70.2,25.9,23.2,34.3,30.9,19.4,14.5,24,0,57.2
42.6,31.8,34.8,12.5,11,21,14.2,117.1,85,34.4,28.3,40.1,40,24.2,17.6,29,0,87.8
37.5,29.2,35.1,13.1,10.2,20,13.1,101.5,75,31.5,26.5,38.2,40,23,16,22,0,72.8
36.1,28.2,32.3,12,10.2,18.4,12.9,95.1,63,24.6,22.3,35.2,33.7,20.9,15.2,30,0,54.5
39.1,27.5,34,12.6,10,18,12.7,97.1,70,26.3,22.6,37.2,36,21,15,23,0,59.8
39.6,28.6,31.2,12.4,10.1,19.3,13.8,101.4,72.6,27.4,23.4,37,38.4,21.3,15.6,38,0,67.3
40.5,29.6,34.9,12.6,10.4,18.8,13.1,103.7,78.7,29.5,25.3,35.4,36.7,21.3,15.6,23,0,67.8
35,26,29.8,12.4,9.5,17.2,12.3,89.2,61,24.5,22.5,32.5,33,20.5,14.5,19,0,47
34.5,26.4,30.1,11.3,8.9,17.2,12.3,86,64.2,23.2,21.2,33,31.5,20.5,14,46,0,46.2
35.6,27.9,32,11.9,9.6,18.2,12.7,98.1,63.1,26.4,23.1,35,35,20.1,14.9,20,0,55
39.1,29.7,33.7,13.2,10,20.3,13.6,114,85,31.6,26.6,39.6,38.9,23.3,15.9,22,0,83
36.6,28.2,32,11.8,9.9,18,12.7,95,66,25,22.2,33,34.8,20.5,14.4,25,0,54.4
34.8,26.3,29.9,11.3,9.2,16.5,11.8,87,65,24.5,20.5,31.5,31,20,14,21,0,45.8
36.7,22.1,28.3,12.3,10.1,16.8,12.4,100.8,63.2,27,23.6,33.6,33.4,20,15.6,23,0,53.6
39.7,31.6,34.5,12.7,10.4,18.2,13.1,112.2,83.6,31,25.4,37.2,35.2,22.3,16.1,31,0,73.2
35.5,24.3,29.5,11.5,9.4,17.2,12.1,98.7,68,26.2,23.2,33.2,35.3,21.2,14.6,29,0,52.1
36,28,30.8,12.9,9.8,17.8,13.8,100.1,75.7,31,24.9,35.5,38,21.5,15.3,19,0,67.9
35.8,26.4,32.2,12.7,10.4,18.9,14,100.3,65.5,27.8,23.9,35.6,33.4,21.9,15.2,21,0,56.6
37.6,27.3,32,12.4,9.4,18.8,13.6,100.5,66.9,28.5,23.7,35.9,34.6,20,15.1,23,0,62.3
37.6,28.7,30.8,13.1,11.5,18.6,13.6,101.2,67.9,29.6,24.5,37.1,36.3,20.6,15.2,24,0,58.5
34.9,28,30.8,11.2,9.2,17.9,13.2,96,67.8,26.3,23,32.3,30,18.8,14.3,20,0,54.5
33.3,24.9,27.8,12.8,9.8,17.4,12.9,92.8,63.2,26.5,23.5,32.3,31.6,18.9,15,19,0,50.2
36.2,27.1,29.9,11.8,9.2,17.3,12.6,95.5,73.1,27,24.3,34.9,35.7,22,15.1,20,0,60.3
33.3,29.2,32,12.6,10.4,18.4,13,98.7,65.3,27.7,24.5,33.1,35.4,21.2,15.7,19,0,58.3
36,25.2,30.8,12.6,9.2,17.6,13.2,96.9,65.6,27.7,24.2,35.1,35.6,21,14.7,20,0,56.2
34,27.3,29.9,12,9.2,16.8,12.4,91,62.7,25.3,22.7,32.6,32.9,19.8,13.8,19,0,50.2
36.2,28.7,31.3,12.8,10.5,18,14.4,106.3,81.8,28.3,25.2,35,36.3,21.4,15.3,22,0,72.9
34.9,27.1,31.5,12.4,9.8,18,13.8,99.8,72.1,29,24.8,34.3,37.1,21.9,14.3,39,0,59.8
37.4,28.3,31.3,12.9,11,18.4,14.3,105,68.6,28.5,24.1,35.6,34,20.7,15.5,18,0,61
33.8,28.7,32.2,12,8.9,17.4,13,106.2,80,30,23.1,36.3,36,21,14.6,19,0,69.1
34,27.3,32.2,12.9,10.6,17.9,13.4,97.7,64.9,28,24.2,34,35.4,20.7,15.5,26,0,55.9
34.4,23.5,26.8,11.7,9.2,16.8,12.4,97.4,61.7,23.7,21.6,30.5,33.8,20.7,14.6,20,0,46.5
34.7,27.8,32.6,12.6,9.8,17.6,12.6,96.3,64,25.8,23.9,33.7,34,20.3,14.6,20,0,54.3
35.6,26.4,32.2,13,10,17.6,13.8,98,58.6,27.1,23.1,33.2,35.8,20.7,14.4,26,0,54.8
33.8,29.7,32.4,13.4,9.6,18.4,13.4,94.5,68.3,26,22.6,35.9,32.5,19.7,14.6,21,0,60.7
37.8,26.6,33.1,12.4,9.8,18.3,13,101.4,69.5,24.9,22.8,34.9,37.1,20.1,14.9,21,0,60
38.3,30.4,32.2,12.4,9.4,18.1,12.7,95.1,70.5,28,23,33.5,33.5,20,14.6,38,0,62
40.3,29.2,32.9,13,9.4,18.6,12.9,101.1,69.8,25.4,23.4,35.9,34.2,21.5,15.1,23,0,60.3
38.9,27.5,31.1,12.4,10,18.4,13.6,97.4,69,26.6,22.7,31.6,33.3,19.6,15.3,37,0,52.7
39.4,29.2,34.7,13.4,10.5,19.8,13.1,104.8,81,31.3,26.8,38.1,37.7,21.7,15.9,19,0,74.3
35,27,33,11.5,9.9,17.1,13,94.5,71,28,23,34,34.2,20.6,15,25,0,62
40.7,29,35.3,13.8,10.8,19.8,14.3,103.2,73.6,29.5,26.6,38.8,39.7,24.3,15.9,20,0,73.1
39.6,30.4,34.2,14.2,10.6,20.7,13.1,110.8,96.3,34.3,26.5,38.3,41.1,22.9,16.4,41,0,80
36.9,28.3,32,10.9,9.4,17.3,12.6,94.6,65,27.7,23.2,33,31.5,18.9,14.1,26,0,54.7
35.6,25.7,29.1,11.5,9.5,17.8,12.1,96.6,62.8,24.6,21.4,34,34.8,20.9,14.3,21,0,53.2
38.2,30,35.5,12.6,10.8,19.5,13.6,102.8,83,29.8,24.6,38.1,37.8,20.7,16.6,47,0,75.7
36.9,29,33.7,11.5,10.2,18.4,13.8,96.9,67.6,26.4,23.3,38.5,35,22.1,15.6,19,0,61.1
36.9,26.9,31.9,13.4,10,18.8,14.3,95.6,65.4,26.4,23.8,34,33.7,19.1,14.7,44,0,55.7
34.8,26.4,29.8,12.2,9.1,18,12.4,92.4,61.6,26.3,23.1,33.3,32.4,19,14.2,35,0,48.7
36.6,27.5,30,12,9.3,17.7,13.2,93.7,63.2,24.2,22.4,32.5,31.3,18.4,14.7,32,0,52.3
36.9,27.4,31,12.8,10.4,17.8,14.1,96.1,59.4,26.9,23,32.8,32.1,19.7,15,46,0,50
36.9,26.4,32.4,12.6,10.5,18.9,14.4,100.1,62.7,28,23.6,35.4,38.5,21.3,15.4,22,0,59.3
36.9,30.2,34.6,13.2,10.4,19.4,14.3,98.8,66.6,30.4,25.2,35.7,38.2,21.8,15.9,49,0,62.5
36,28.6,32,12.8,9.8,18.7,13.8,92.2,64.6,24.7,21.7,37.4,35.5,21,15,52,0,55.7
36.2,30.2,31.2,11.5,9.4,17.4,13.1,97.3,65.7,29.4,23.1,33.2,34.4,20.3,14.4,25,0,54.8
35.1,28.1,30,12,9.6,19,14.2,90.5,63,26.4,22.5,32.2,30.3,20.2,15,48,0,45.9
38.8,27.2,33.4,12.9,11,18.2,13.4,110.5,78.5,30.2,25.9,37,35.2,23.2,16.2,41,0,70.6
36.4,26.2,32.2,13.1,10.1,17.9,12.6,103,68.2,29.8,25,36.8,38.1,21.8,16.2,18,0,67.2
38.6,24.2,34.4,13.1,10.4,22.1,14.4,109,68.5,30.1,26.2,40.9,40.4,23.3,16.4,30,0,69.4
36.5,26,30.7,12.1,10.3,17,12.4,104.8,68.8,27,23.4,34.4,35.2,21.6,14.6,20,0,58.2
37.5,27.4,31.2,14,11,19.1,13.5,109.2,69,28.6,25.2,37,35,22.2,16.2,24,0,64.8
39.9,20,32.4,13.6,10.4,18.5,13.4,117,78,31.1,26.6,35.2,36.7,21.8,16.2,23,0,71.6
34.4,26.1,30.5,12,9.9,17.5,12.7,93.9,62,24.3,22.3,34.2,34.8,20.2,14.4,30,0,52.8
38.7,23.5,33,12.6,9.9,17.5,12.6,105.5,65.8,27,23.2,36.8,36.2,22.1,15.8,23,0,59.8
32.6,24.6,29.4,11.3,9.2,16.9,11.9,99.4,65,26,21.4,34,33.9,21.4,14.4,45,0,49
34.5,25.6,29.2,10.1,9,16.3,11.5,89.5,64.9,25.6,22.4,30.9,32.6,19.1,14,20,0,50
36.7,28.2,33,12.2,10.1,17.8,13.5,98.5,71.5,28,24.2,36.6,36.4,21.8,15.6,20,0,69.2
36.5,27,31.6,11.9,9.7,18,12.5,94.9,61.4,27.1,22.8,35.4,34.8,21,15,23,0,55.9
34.2,28,31,12.4,9.7,18.5,13,96.3,75.4,28.4,22.6,37.6,34.3,21.7,14.8,21,0,63.4
37.8,28.6,30.7,11.8,10.6,18.8,13.3,96.8,67.2,27,22.2,36,35.4,22.2,15.6,28,0,58.2
35.7,25.5,32.5,11.9,10,18.6,13.6,102.5,69.5,28.5,24.4,35.2,35.4,21.8,15.4,45,0,58.6
33.9,24.3,29.5,11.6,9.4,16.3,11.2,95.2,57.9,26.6,22.2,33.6,33,19.6,14,24,0,45.7
35.2,24.1,26.9,12,9.5,17.5,11.5,103,64.4,26.6,23.3,32.7,33,19.4,14.2,25,0,52.2
37.1,24.3,28.4,12.1,9.8,16.8,12.2,99.1,62.3,24.4,22.1,32.4,32.5,21,14.8,19,0,48.6
37.7,26.2,30.8,12.4,10.2,17.2,11.8,104.1,68.7,28.2,23.8,34.6,34.3,21.5,15,20,0,57.8
37.8,28.1,30,11.1,9.6,18,13.2,99.5,68,27.4,23,34.5,35.3,21.6,15.6,29,0,55.6
39.3,24.5,32.3,13.4,10.9,18.2,13,110.2,66,27,24.2,37.2,39,23.2,16.2,24,0,66.8
37.2,24.4,29.4,12.3,9.9,17.1,12.2,107.1,71.2,28.2,25.2,34.2,34,20.4,15.4,24,0,59.4
36.1,26.8,31,11,8.9,17.8,12.2,95.7,64.8,26.5,22.6,31,35.2,20.4,14.4,25,0,53.6
35.2,25.1,33,11.6,9.1,21,12.6,103.4,78,33.8,24.6,38.2,39.8,22,14.4,31,0,73.2
35.8,27.7,28.9,11.5,9.1,17.1,12.3,94.6,60.7,25.2,22.4,34.2,32.2,19,14.6,22,0,53.4
35,25.6,32.5,12.6,9.8,18.6,12.9,104.5,75,29.6,23.9,37.6,36.6,22,15.1,20,0,69
37.8,29.9,31.1,10.9,9.4,15.7,11.5,97.7,68.6,26.2,22.1,32.2,35.9,19.9,14.6,32,0,58.4
35.7,27,29.8,12.1,9.6,18,13.6,96.4,67.1,27.3,23.6,35.9,36.6,23.8,15.3,25,0,56.2
39.5,29.8,31.5,13,10.6,19.1,13.4,103,68,26.5,24.2,40.5,39.4,23.2,15.8,19,0,70.6
38.8,26.3,31.5,11.6,9.9,18.8,13.1,103.4,71,28.2,23.6,35.6,35.8,20.8,15.5,23,0,59.8
37.9,29,32.9,12.7,10.6,18.2,12.1,109.5,76,29.5,25.2,39.2,37,21.8,15.8,22,0,72
37.7,25,30.4,12.4,10.2,18.6,12.7,110.7,70.3,30.8,25.4,37,37,23,16,20,0,65.2
38.2,25.9,30.2,11.7,9.4,16.9,11.7,102.2,69.5,27.4,23.8,35.4,34,21.3,15.2,27,0,56.6
40,31,35.8,14.1,12.2,24.3,12.9,129.5,101.5,40.3,30.8,45.6,45,25.8,18.2,34,0,105.2
35.7,28.3,29.6,10.7,8.7,16.8,11.3,99.2,67.2,27.1,23.2,34.6,34.2,20.3,14.2,25,0,51.8
35.7,25.9,29.3,13.2,10.9,18.1,13.1,104.7,68.7,30,24.4,35.9,37.4,22,16,26,0,63.4
36,27.6,29,11.8,9.2,18,11.4,98.9,66,26.4,22.6,35.4,35.6,21,14.5,19,0,59
35,25,27.2,10.8,8.7,16.8,12.2,98.5,67.5,24.8,21.5,33,33,20,14,26,0,47.6
37,26.9,32.4,12.9,10,18.1,13.1,102.2,65.2,27.2,25.3,37.5,38.4,23.2,15.8,25,0,63
36.7,23.5,29.5,11.5,9.5,16.1,9.9,100.2,64.2,29,23.8,33.9,33.2,20.5,15,20,0,55.2
32.8,26.2,26.3,10.6,9.2,16.4,11.7,85.9,61,22.4,19.6,30.4,28.4,17.4,13.2,21,0,45
34.8,20.3,31,11.6,9.8,17.9,12.4,99.8,60.2,26,23.2,36,35.8,21.2,15.2,18,0,54
35,23.7,29,11.5,9.6,16.6,11.6,93.3,62.6,26.4,21.8,34.5,33,20.7,14.4,19,0,50.2
38.7,27.1,31.4,12.8,9.2,18.8,12.5,107.3,72.7,29.5,25.3,36.8,37.6,22.4,16.6,27,0,60.2
32.8,20.9,28.2,11.3,9.5,16,11.2,90,58.5,25,20.7,31.7,32,20.1,13.1,26,0,44.8
36.7,23,30.8,13.1,11,17,12.9,101.5,67.5,28.4,24.6,35.6,33.5,21.8,16,36,0,58.8
38.8,26.5,29.8,12,9.4,17.7,12.6,105.1,66.1,27.4,23.8,35,33,20.2,14.9,20,0,56.4
36.4,24.9,30.8,12.4,10.5,18.4,12.8,101,68,28,23.3,36.1,35.1,21.6,15.6,28,0,62
34,27.8,29.6,9.9,8.9,17,11.5,91.9,64,25.6,20.7,32.7,31.5,18.9,13.4,32,0,49.2
38.2,27.5,30,11.8,9.2,17.8,11.5,112.1,90.1,32.1,25.8,34.7,37.2,21.5,15.8,32,0,67.2
35.1,23.4,30.6,12.1,9.4,16.1,12.2,98.2,64.1,26.6,23.2,35.2,35,21,14.8,23,0,53.8
36,25.2,28.4,11.2,9.9,16.8,12.1,102.5,72.4,27.6,23.8,33.2,34.4,21.3,14.6,20,0,54.4
35.9,25.1,28.2,11.6,8.5,16.8,11,98.4,71,28.4,23.6,34.2,34,19.8,13.8,20,0,58
35,27.1,30.1,12.4,9.9,18.2,12.5,96.8,69.1,28.9,23.1,35,34.4,20,15,20,0,59.8
35.2,24.4,29.8,13,9.2,17.3,12.2,103.9,66.1,27.8,24,35.3,33.7,22,14.6,23,0,54.8
34.9,26.2,28.5,10.4,8.7,16,11.1,92.7,59.5,23.2,20.8,31.6,29.6,18.6,13.8,20,0,43.2
36,28.1,31,11.5,9.7,17.5,12.8,105,71.5,26.8,22,33.8,33.5,21.1,15.3,28,0,60.5
36.4,27.7,29.8,11.2,9,16.9,12.2,94,65,25,22.2,31.6,31.6,18.8,14.2,23,0,46.4
35.5,27.7,30.7,11.6,8.9,17.9,11.5,101.5,71.5,28.4,23.5,39.1,38.2,20.4,14.4,19,0,64.4
34.1,18.7,27.2,11.2,9.5,16.1,11.9,92,63,24.1,22,30,31.2,20.4,14.4,28,0,48.8
37.1,25,29.3,13,10.9,17.5,13,108.5,70,30.1,25.2,35.8,35,21.7,16,19,0,62.2
35.2,26,30.4,11.1,9,17.1,12,93.8,70.4,28.3,21.9,33.1,32.8,19,13.9,29,0,55.5
37.5,26,29.4,12.3,10.4,18.3,12.7,99.8,64.3,28.2,23.8,35.6,35.5,22,15.5,32,0,57.8
36.3,24.9,31,12.5,10,18.1,13,100.3,66,26.8,23.8,34.7,34.5,21.4,15.2,20,0,54.6
37.2,26,28.5,12.3,9.7,18.4,13,101.5,70.5,30.5,24.3,35.8,36.9,20.4,15.7,28,0,59.2
37.6,27.7,30.2,12,9.1,17.5,12.1,94.7,62,24.7,22.4,33.5,33,19.4,14.5,36,0,52.7
33.6,24.3,27.9,11,8.4,16.6,11.1,103.1,67.6,30.2,24.2,34.1,33.8,20.6,14.8,22,0,53.2
34.5,29.2,31.9,11,9.3,18.7,12.4,94.5,65,27.2,22.8,38.6,37.4,20.6,14.8,20,0,64.5
36,27.1,31.4,11.9,9.4,15.9,11.9,97.1,64,25.2,23,32.3,34.8,20.3,13.4,22,0,51.8
35.4,27,29,11.6,9.2,18.2,12.1,98,70.5,27.2,23.2,35.6,30.5,20.1,14.6,32,0,56
35.8,28.3,30.2,12,9.2,18.4,14.2,102.4,79.2,27.8,23.4,36,35.7,23.8,14.1,40,0,63.6
38.3,28.3,32.4,13.9,10.6,18.9,14,109.1,71.1,29.6,24.6,34.3,36.6,20.7,15.6,40,0,63.2
33.8,28.7,32.9,12.6,9.4,18.2,13.2,94.7,74.7,31,23.7,35.7,34,20.9,14.2,42,0,59.5
36.9,31.1,33.8,13,9.8,18.4,13.8,98.2,62.9,26.4,23.1,34.6,32.3,20.4,14.7,40,0,56.8
34.9,28,33.1,12.6,9.6,18.8,12.2,101.5,70.6,29.1,24.2,37.2,33.1,19.9,15,44,0,64.1
35.1,28.3,29.7,13,9.3,17.7,13.8,96.6,61.6,27.4,23.7,32.4,32.9,20.3,14.6,30,0,50
37.4,30.2,34.2,13.2,10,19.6,14.1,106.1,74.2,31.4,25,37.6,41.9,24.3,15.4,28,0,72.3
36.9,27.5,31.1,12.8,9.8,18,14,100.1,65.5,26.8,22.3,34.2,33.4,21.5,14.5,37,0,55
36,28,30.4,12.2,9.2,17.6,12.8,105.3,67.7,28.2,23.8,33,32.7,18.8,14.7,40,0,55.9
32.9,26.6,32.2,12,8.4,19.4,12,99.8,72.9,29.9,24.1,33.8,33.5,21,15.1,45,0,60.4
37.1,27.1,32.6,13.2,10.3,19,14.4,104.1,75.5,30.3,23.8,37.3,37,22.5,15.1,32,0,65.9
35.8,30.2,33.5,12.4,9.4,18.4,13,99.7,73.7,28.1,23.3,33.9,33.3,21.2,14.9,64,0,58.6
38.5,30.4,35.1,13.8,10.7,19,14.4,106.6,67.9,31,26.6,36.6,38.5,22.2,16,21,0,66.8
38.5,30.8,35.1,13.1,10.6,18.6,14.2,97.2,71.2,25.2,21.7,33.7,32.1,21,15,32,0,56.6
36,30.2,32.9,12.4,9.6,18.4,14.2,100.8,69.3,29.7,24.1,34.8,34.6,21.5,14.6,35,0,58.6
34,26.4,29.9,11.8,9.4,17.3,12.4,100.7,75.6,30,22.2,34.6,32.6,19.9,13.7,41,0,55.9
38.3,26.6,33.3,13.1,10.8,20,13.8,99.1,63.8,27.8,23.6,35.9,35.5,22.6,15.4,40,0,59.1
38.7,33.3,33.8,14,10.5,18.9,14.8,108.9,83.6,31.9,26,38.1,36.4,24.5,16,29,0,81.8
36.9,29,33.5,12.7,9.6,18.6,14.2,109.8,84.9,32,25.7,37.6,33.7,21.6,15.5,40,0,70.7
35.8,26.6,31.1,12.4,9.6,17.9,13.8,99.5,66,28,21.1,32.1,34.3,21,14.4,24,0,56.8
38.3,30.8,35.6,13.6,10.4,19,13.6,102.3,70,29.3,25,35.6,36.6,22.5,16.4,24,0,65.5
32.9,20.9,28.5,12.2,9.1,16,12.7,93.1,59.4,26.9,22.5,31.7,30.7,20.5,15.2,29,0,48.6
38,28.3,31.1,12.2,10.2,17.3,13,101.7,68.3,29.8,24.7,32.7,34.3,21.7,15.4,31,0,58.6
37.8,32,33.8,13.4,10.4,18.8,13.4,105,77.9,28.4,24.3,34.7,34.5,20.9,14.9,34,0,63.6
34.2,29.2,31.1,12.8,9.8,17.6,13.4,96.4,68.3,27.7,24.4,32.7,33,19.6,14.9,36,0,55.2
37.6,31.3,35.3,11.3,9.4,18.9,13.8,103.5,72,27.4,22.4,36.3,37.9,23.4,14.5,32,0,62.7
35.3,25.4,31.3,12.4,10,17.5,13.6,99.8,62.7,24.2,23.3,32.8,36.1,22,14.8,39,0,56.6
34.9,27.3,32.2,12.6,9,17.4,12.2,87,58,23.1,21,35.5,36.4,20.3,13,37,0,53.9
37.4,32,34.7,13,10,18.4,13.4,105.2,72.7,30.5,23.7,36.3,34.3,20.5,14.8,52,0,63.2
36.2,31.1,34.7,12.9,10.4,18.6,14,102.1,85.4,29.7,24.5,40.3,37,22.4,15.3,24,0,73.6
38.9,29,33.1,12.2,10.2,18.8,13.8,101.3,67.3,27.2,22.6,38.3,35.6,21,14.6,33,0,62
36,30.4,32.9,13.4,10.5,19.5,13.6,99.6,70.8,29.3,24.2,36.5,35.3,20.3,15.4,42,0,63.6
33.3,25.9,29.9,12,9.2,17.6,12.9,99.4,67.4,26.9,22.3,32.8,29.5,18.7,13.7,34,0,53.2
37.4,29.4,32.6,13.4,10.2,18.4,14.1,99.4,66,26.8,22.9,32.2,32.6,19.2,14.6,37,0,53.4
34.7,29.4,31.5,13.4,9.6,18.4,13.4,99,63.6,26.7,23.7,33.5,33.6,20.2,14.6,39,0,55
38.7,28,34.7,13.6,10.4,20.4,14.3,108.2,71.7,28.7,25.9,40.5,39.5,23.3,15.6,41,0,70.5
36.2,28.3,31.3,12.2,9.6,16.8,12.9,96.4,73.6,25,21,31.6,30.2,19.3,13.6,36,0,54.5
35.3,26.8,31.7,11.5,9.2,17.8,12.6,92,69.8,26.7,23.3,33.5,33.1,19.6,14.2,25,0,63.6
37.6,26.8,31.1,11.8,10.2,18.4,12.8,98.6,66.4,24.2,21.2,33,34.3,20.2,15,24,0,54.5
35.8,29,30.6,12.4,10.5,17.9,13.4,96.1,61.7,25.5,23.2,36.7,36.2,22,14.8,21,0,59.1
36,29.2,33.5,11.6,10.5,18.7,14.2,107.7,76.4,32.8,24.8,36.5,36.2,23.9,15.5,35,0,70.5
35.6,28.3,28,11.7,9.6,16.4,13,95.4,63.8,24.4,22,32,32.6,21,14,27,0,52.7
37.1,27.8,31.7,12.4,10.4,18.2,13.2,99.3,70.2,28.3,24.9,35.5,36.3,21.4,15.3,27,0,62.7
35.6,30.2,32.9,13,11,20.6,14.3,115.2,88.2,30.3,25.2,39.2,38.4,23.1,16.4,26,0,86.3
35.1,29.4,33.1,12.8,10.3,18.7,13.6,96.7,75.8,30.4,24.8,36.8,35.9,21.8,15.5,25,0,66.4
35.8,26.8,30.4,12.4,10.3,17.5,13,109,81.5,31.2,25.8,34.4,37.3,21.8,14.6,44,0,67.3
37.4,29.4,31.7,12.2,10.8,19.4,14.3,95.1,67.4,27,24.3,36.2,36.7,23.7,15.9,29,0,63
38.9,28.5,34,13.3,10.3,19.1,14.2,108.4,78.3,32.8,27,39.4,39.1,23,16.5,26,0,73.6
37.4,29,32.9,12.7,10,18.2,13.8,98.2,65.9,26.6,23.7,35.6,34,21.7,15.1,23,0,62.3
37.6,28.3,29.4,13.2,10,17.8,14.2,99.7,62.4,25.8,23,34.5,31,19.2,14.7,32,0,57.7
35.1,26.6,29.2,11.8,9.4,17,12.2,94.4,65.6,28.8,24.7,33,34.6,21.7,15.8,32,0,55.4
38,33.3,37.8,15,11.5,22.6,13.8,127.1,96.2,35.9,30.6,49,45.4,24.1,17.8,43,0,104.1
36.7,25.2,29.2,12,9,17,11.8,94.9,62.5,25.7,21.9,31.7,34.7,18.5,13.9,32,0,55.5
35.6,29.9,33.5,13.2,11,19.2,13.8,98.9,80.5,34.1,27.6,38.8,38.2,22.2,16.3,41,0,77.3
35.6,30.8,33.8,12.4,10.2,18.2,14,106.4,86.1,31.7,25.5,39.4,38.7,23.7,16.3,33,0,80.5
35.6,27.3,31.7,12.4,9.8,17.6,12.7,102.2,71.3,31.1,24.4,35.9,34.4,21.2,14.2,28,0,64.5
37.8,29,32.4,12.7,9.1,18.2,13.2,110.3,79.4,29.9,24.9,38.7,36.3,21.3,15.5,28,0,72.3
40.9,28.7,29.2,12.9,9.6,16.8,13.4,107.3,72.3,28.8,23.2,35,34.2,20.5,14.8,25,0,61.4
34,25.9,29.4,11.4,9.6,16.6,12.6,95,67.4,29.3,23.1,35.6,37.4,22.5,14.4,38,0,58.2
34.9,31.3,31.7,13,9.6,17.8,13.7,115.6,94.2,35.7,25.6,34.8,35.5,19.5,15,37,0,81.8
35.8,31.5,32.6,12.9,9.8,17.9,13.4,99.3,67,27,22.3,37,33,21.6,15,25,0,63.6
36.5,27.5,30.8,11.6,9.6,17,11.7,93.1,69.5,24.4,22.1,33.9,30.8,19.9,14.1,37,0,53.4
32.9,26.8,28.7,11,8.6,16.4,12.6,94.9,66.4,24.9,22.3,32.5,31.7,21.7,13.4,27,0,54.5
36.9,28.5,31.5,11.6,9.8,17.2,12.9,100,67.6,25.6,23,34.5,32.5,21.7,14.6,27,0,53.6
35.8,29.4,32,11.8,9.8,18,12.7,98.6,66.6,27.3,24,36,34.9,21.4,14.6,20,0,60
39.4,28.3,30.2,12.8,10.5,19.5,14.4,107.2,69.7,29.9,25,37.7,37.7,23.7,16.2,19,0,73.6
36.5,28.3,29.7,12,10,17.1,12.8,98.3,72,27.6,23.3,35.2,31.9,19.6,15.4,32,0,61.4
35.8,27.3,28.5,11.2,10.2,17.5,12.9,92.4,64.5,25.5,23,34.5,32.7,20.3,14.9,26,0,55.5
34.4,29.7,31.7,12.6,10.2,17.7,12.4,93,72.3,31,26.3,39.9,39.7,21.6,15.4,56,0,63.6
36.5,26.6,30.8,12.6,10.7,17,13,99.5,69.1,28.3,24.7,35.6,34.6,23,16.6,23,0,60.9
38.5,25.6,31.7,11.8,10.2,16.8,12.9,92.8,74.7,28.1,23.1,34.4,32.7,20.9,15.2,19,0,60
35.3,25.4,28.5,10.6,10.4,17,12.6,95.9,60.8,26.8,22.8,34.4,33.1,21,15.4,31,0,46.8
36.2,28.7,27.8,12.4,10.2,17.9,13.2,96.1,66.9,26.2,22.6,35,35.2,22.4,15.2,34,0,57.3
34.9,28.7,32.9,13.4,10.8,17.9,12.9,98.5,68.8,29.6,25.1,34.4,35,21,15.9,34,0,64.1
38.7,29.7,32,12.8,10.5,18.4,13.8,103.8,63.7,26.4,23,36.5,34.1,21.3,15,24,0,63.6
